source,source_page,pdf_url,title,date_hint,parsed_date,local_path,status
seed_page,https://www.federalreserve.gov/monetarypolicy/fomccalendars.htm,https://www.federalreserve.gov/monetarypolicy/files/monetary20260128a1.pdf,PDF,2026-01-28,2026-01-28,/Users/atheeshkrishnan/AK/DEV/hawkdove/fed_macro_mvp/data/raw_pdfs/monetary20260128a1.pdf,exists
seed_page,https://www.federalreserve.gov/monetarypolicy/fomccalendars.htm,https://www.federalreserve.gov/monetarypolicy/files/fomcminutes20260128.pdf,PDF,2026-01-28,2026-01-28,/Users/atheeshkrishnan/AK/DEV/hawkdove/fed_macro_mvp/data/raw_pdfs/fomcminutes20260128.pdf,exists
seed_page,https://www.federalreserve.gov/monetarypolicy/fomccalendars.htm,https://www.federalreserve.gov/monetarypolicy/files/fomcminutes20251210.pdf,PDF,2025-12-10,2025-12-10,/Users/atheeshkrishnan/AK/DEV/hawkdove/fed_macro_mvp/data/raw_pdfs/fomcminutes20251210.pdf,exists
seed_page,https://www.federalreserve.gov/monetarypolicy/fomccalendars.htm,https://www.federalreserve.gov/monetarypolicy/files/fomcprojtabl20251210.pdf,PDF,2025-12-10,2025-12-10,/Users/atheeshkrishnan/AK/DEV/hawkdove/fed_macro_mvp/data/raw_pdfs/fomcprojtabl20251210.pdf,exists
seed_page,https://www.federalreserve.gov/monetarypolicy/fomccalendars.htm,https://www.federalreserve.gov/monetarypolicy/files/monetary20251210a1.pdf,PDF,2025-12-10,2025-12-10,/Users/atheeshkrishnan/AK/DEV/hawkdove/fed_macro_mvp/data/raw_pdfs/monetary20251210a1.pdf,exists
seed_page,https://www.federalreserve.gov/monetarypolicy/fomccalendars.htm,https://www.federalreserve.gov/monetarypolicy/files/fomcminutes20251029.pdf,PDF,2025-10-29,2025-10-29,/Users/atheeshkrishnan/AK/DEV/hawkdove/fed_macro_mvp/data/raw_pdfs/fomcminutes20251029.pdf,exists
seed_page,https://www.federalreserve.gov/monetarypolicy/fomccalendars.htm,https://www.federalreserve.gov/monetarypolicy/files/monetary20251029a1.pdf,PDF,2025-10-29,2025-10-29,/Users/atheeshkrishnan/AK/DEV/hawkdove/fed_macro_mvp/data/raw_pdfs/monetary20251029a1.pdf,exists
seed_page,https://www.federalreserve.gov/monetarypolicy/fomccalendars.htm,https://www.federalreserve.gov/monetarypolicy/files/monetary20250917a1.pdf,PDF,2025-09-17,2025-09-17,/Users/atheeshkrishnan/AK/DEV/hawkdove/fed_macro_mvp/data/raw_pdfs/monetary20250917a1.pdf,exists
seed_page,https://www.federalreserve.gov/monetarypolicy/fomccalendars.htm,https://www.federalreserve.gov/monetarypolicy/files/fomcminutes20250917.pdf,PDF,2025-09-17,2025-09-17,/Users/atheeshkrishnan/AK/DEV/hawkdove/fed_macro_mvp/data/raw_pdfs/fomcminutes20250917.pdf,exists
seed_page,https://www.federalreserve.gov/monetarypolicy/fomccalendars.htm,https://www.federalreserve.gov/monetarypolicy/files/fomcprojtabl20250917.pdf,PDF,2025-09-17,2025-09-17,/Users/atheeshkrishnan/AK/DEV/hawkdove/fed_macro_mvp/data/raw_pdfs/fomcprojtabl20250917.pdf,exists
seed_page,https://www.federalreserve.gov/monetarypolicy/fomccalendars.htm,https://www.federalreserve.gov/monetarypolicy/files/monetary20250730a1.pdf,PDF,2025-07-30,2025-07-30,/Users/atheeshkrishnan/AK/DEV/hawkdove/fed_macro_mvp/data/raw_pdfs/monetary20250730a1.pdf,exists
seed_page,https://www.federalreserve.gov/monetarypolicy/fomccalendars.htm,https://www.federalreserve.gov/monetarypolicy/files/fomcminutes20250730.pdf,PDF,2025-07-30,2025-07-30,/Users/atheeshkrishnan/AK/DEV/hawkdove/fed_macro_mvp/data/raw_pdfs/fomcminutes20250730.pdf,exists
seed_page,https://www.federalreserve.gov/monetarypolicy/mpr_default.htm,https://www.federalreserve.gov/monetarypolicy/files/20250620_mprfullreport.pdf,PDF,2025-06-20,2025-06-20,/Users/atheeshkrishnan/AK/DEV/hawkdove/fed_macro_mvp/data/raw_pdfs/20250620_mprfullreport.pdf,exists
seed_page,https://www.federalreserve.gov/monetarypolicy/fomccalendars.htm,https://www.federalreserve.gov/monetarypolicy/files/fomcprojtabl20250618.pdf,PDF,2025-06-18,2025-06-18,/Users/atheeshkrishnan/AK/DEV/hawkdove/fed_macro_mvp/data/raw_pdfs/fomcprojtabl20250618.pdf,exists
seed_page,https://www.federalreserve.gov/monetarypolicy/fomccalendars.htm,https://www.federalreserve.gov/monetarypolicy/files/monetary20250618a1.pdf,PDF,2025-06-18,2025-06-18,/Users/atheeshkrishnan/AK/DEV/hawkdove/fed_macro_mvp/data/raw_pdfs/monetary20250618a1.pdf,exists
seed_page,https://www.federalreserve.gov/monetarypolicy/fomccalendars.htm,https://www.federalreserve.gov/monetarypolicy/files/fomcminutes20250618.pdf,PDF,2025-06-18,2025-06-18,/Users/atheeshkrishnan/AK/DEV/hawkdove/fed_macro_mvp/data/raw_pdfs/fomcminutes20250618.pdf,exists
seed_page,https://www.federalreserve.gov/monetarypolicy/fomccalendars.htm,https://www.federalreserve.gov/monetarypolicy/files/fomcminutes20250507.pdf,PDF,2025-05-07,2025-05-07,/Users/atheeshkrishnan/AK/DEV/hawkdove/fed_macro_mvp/data/raw_pdfs/fomcminutes20250507.pdf,exists
seed_page,https://www.federalreserve.gov/monetarypolicy/fomccalendars.htm,https://www.federalreserve.gov/monetarypolicy/files/monetary20250507a1.pdf,PDF,2025-05-07,2025-05-07,/Users/atheeshkrishnan/AK/DEV/hawkdove/fed_macro_mvp/data/raw_pdfs/monetary20250507a1.pdf,exists
seed_page,https://www.federalreserve.gov/monetarypolicy/fomccalendars.htm,https://www.federalreserve.gov/monetarypolicy/files/fomcprojtabl20250319.pdf,PDF,2025-03-19,2025-03-19,/Users/atheeshkrishnan/AK/DEV/hawkdove/fed_macro_mvp/data/raw_pdfs/fomcprojtabl20250319.pdf,exists
seed_page,https://www.federalreserve.gov/monetarypolicy/fomccalendars.htm,https://www.federalreserve.gov/monetarypolicy/files/monetary20250319a1.pdf,PDF,2025-03-19,2025-03-19,/Users/atheeshkrishnan/AK/DEV/hawkdove/fed_macro_mvp/data/raw_pdfs/monetary20250319a1.pdf,exists
seed_page,https://www.federalreserve.gov/monetarypolicy/fomccalendars.htm,https://www.federalreserve.gov/monetarypolicy/files/fomcminutes20250319.pdf,PDF,2025-03-19,2025-03-19,/Users/atheeshkrishnan/AK/DEV/hawkdove/fed_macro_mvp/data/raw_pdfs/fomcminutes20250319.pdf,exists
seed_page,https://www.federalreserve.gov/monetarypolicy/mpr_default.htm,https://www.federalreserve.gov/publications/files/20250207_mprfullreport.pdf,PDF,2025-02-07,2025-02-07,/Users/atheeshkrishnan/AK/DEV/hawkdove/fed_macro_mvp/data/raw_pdfs/20250207_mprfullreport.pdf,exists
seed_page,https://www.federalreserve.gov/monetarypolicy/fomccalendars.htm,https://www.federalreserve.gov/monetarypolicy/files/fomcminutes20250129.pdf,PDF,2025-01-29,2025-01-29,/Users/atheeshkrishnan/AK/DEV/hawkdove/fed_macro_mvp/data/raw_pdfs/fomcminutes20250129.pdf,exists
seed_page,https://www.federalreserve.gov/monetarypolicy/fomccalendars.htm,https://www.federalreserve.gov/monetarypolicy/files/monetary20250129a1.pdf,PDF,2025-01-29,2025-01-29,/Users/atheeshkrishnan/AK/DEV/hawkdove/fed_macro_mvp/data/raw_pdfs/monetary20250129a1.pdf,exists
seed_page,https://www.federalreserve.gov/monetarypolicy/fomccalendars.htm,https://www.federalreserve.gov/monetarypolicy/files/fomcminutes20241218.pdf,PDF,2024-12-18,2024-12-18,/Users/atheeshkrishnan/AK/DEV/hawkdove/fed_macro_mvp/data/raw_pdfs/fomcminutes20241218.pdf,exists
seed_page,https://www.federalreserve.gov/monetarypolicy/fomccalendars.htm,https://www.federalreserve.gov/monetarypolicy/files/fomcprojtabl20241218.pdf,PDF,2024-12-18,2024-12-18,/Users/atheeshkrishnan/AK/DEV/hawkdove/fed_macro_mvp/data/raw_pdfs/fomcprojtabl20241218.pdf,exists
seed_page,https://www.federalreserve.gov/monetarypolicy/fomccalendars.htm,https://www.federalreserve.gov/monetarypolicy/files/monetary20241218a1.pdf,PDF,2024-12-18,2024-12-18,/Users/atheeshkrishnan/AK/DEV/hawkdove/fed_macro_mvp/data/raw_pdfs/monetary20241218a1.pdf,exists
seed_page,https://www.federalreserve.gov/monetarypolicy/fomccalendars.htm,https://www.federalreserve.gov/monetarypolicy/files/fomcminutes20241107.pdf,PDF,2024-11-07,2024-11-07,/Users/atheeshkrishnan/AK/DEV/hawkdove/fed_macro_mvp/data/raw_pdfs/fomcminutes20241107.pdf,exists
seed_page,https://www.federalreserve.gov/monetarypolicy/fomccalendars.htm,https://www.federalreserve.gov/monetarypolicy/files/monetary20241107a1.pdf,PDF,2024-11-07,2024-11-07,/Users/atheeshkrishnan/AK/DEV/hawkdove/fed_macro_mvp/data/raw_pdfs/monetary20241107a1.pdf,exists
seed_page,https://www.federalreserve.gov/monetarypolicy/fomccalendars.htm,https://www.federalreserve.gov/monetarypolicy/files/monetary20240918a1.pdf,PDF,2024-09-18,2024-09-18,/Users/atheeshkrishnan/AK/DEV/hawkdove/fed_macro_mvp/data/raw_pdfs/monetary20240918a1.pdf,exists
seed_page,https://www.federalreserve.gov/monetarypolicy/fomccalendars.htm,https://www.federalreserve.gov/monetarypolicy/files/fomcprojtabl20240918.pdf,PDF,2024-09-18,2024-09-18,/Users/atheeshkrishnan/AK/DEV/hawkdove/fed_macro_mvp/data/raw_pdfs/fomcprojtabl20240918.pdf,exists
seed_page,https://www.federalreserve.gov/monetarypolicy/fomccalendars.htm,https://www.federalreserve.gov/monetarypolicy/files/fomcminutes20240918.pdf,PDF,2024-09-18,2024-09-18,/Users/atheeshkrishnan/AK/DEV/hawkdove/fed_macro_mvp/data/raw_pdfs/fomcminutes20240918.pdf,exists
seed_page,https://www.federalreserve.gov/monetarypolicy/fomccalendars.htm,https://www.federalreserve.gov/monetarypolicy/files/monetary20240731a1.pdf,PDF,2024-07-31,2024-07-31,/Users/atheeshkrishnan/AK/DEV/hawkdove/fed_macro_mvp/data/raw_pdfs/monetary20240731a1.pdf,exists
seed_page,https://www.federalreserve.gov/monetarypolicy/fomccalendars.htm,https://www.federalreserve.gov/monetarypolicy/files/fomcminutes20240731.pdf,PDF,2024-07-31,2024-07-31,/Users/atheeshkrishnan/AK/DEV/hawkdove/fed_macro_mvp/data/raw_pdfs/fomcminutes20240731.pdf,exists
seed_page,https://www.federalreserve.gov/monetarypolicy/mpr_default.htm,https://www.federalreserve.gov/monetarypolicy/files/20240705_mprfullreport.pdf,PDF,2024-07-05,2024-07-05,/Users/atheeshkrishnan/AK/DEV/hawkdove/fed_macro_mvp/data/raw_pdfs/20240705_mprfullreport.pdf,exists
seed_page,https://www.federalreserve.gov/monetarypolicy/fomccalendars.htm,https://www.federalreserve.gov/monetarypolicy/files/fomcminutes20240612.pdf,PDF,2024-06-12,2024-06-12,/Users/atheeshkrishnan/AK/DEV/hawkdove/fed_macro_mvp/data/raw_pdfs/fomcminutes20240612.pdf,exists
seed_page,https://www.federalreserve.gov/monetarypolicy/fomccalendars.htm,https://www.federalreserve.gov/monetarypolicy/files/fomcprojtabl20240612.pdf,PDF,2024-06-12,2024-06-12,/Users/atheeshkrishnan/AK/DEV/hawkdove/fed_macro_mvp/data/raw_pdfs/fomcprojtabl20240612.pdf,exists
seed_page,https://www.federalreserve.gov/monetarypolicy/fomccalendars.htm,https://www.federalreserve.gov/monetarypolicy/files/monetary20240612a1.pdf,PDF,2024-06-12,2024-06-12,/Users/atheeshkrishnan/AK/DEV/hawkdove/fed_macro_mvp/data/raw_pdfs/monetary20240612a1.pdf,exists
seed_page,https://www.federalreserve.gov/monetarypolicy/fomccalendars.htm,https://www.federalreserve.gov/monetarypolicy/files/fomcminutes20240501.pdf,PDF,2024-05-01,2024-05-01,/Users/atheeshkrishnan/AK/DEV/hawkdove/fed_macro_mvp/data/raw_pdfs/fomcminutes20240501.pdf,exists
seed_page,https://www.federalreserve.gov/monetarypolicy/fomccalendars.htm,https://www.federalreserve.gov/monetarypolicy/files/monetary20240501a1.pdf,PDF,2024-05-01,2024-05-01,/Users/atheeshkrishnan/AK/DEV/hawkdove/fed_macro_mvp/data/raw_pdfs/monetary20240501a1.pdf,exists
